year,month,nao
1950,jan,0.92
1950,feb,0.4
1950,mar,-0.36
1950,apr,0.73
1950,may,-0.59
1950,jun,-0.06
1950,jul,-1.26
1950,aug,-0.05
1950,sep,0.25
1950,oct,0.85
1950,nov,-1.26
1950,dec,-1.02
1951,jan,0.08
1951,feb,0.7
1951,mar,-1.02
1951,apr,-0.22
1951,may,-0.59
1951,jun,-1.64
1951,jul,1.37
1951,aug,-0.22
1951,sep,-1.36
1951,oct,1.87
1951,nov,-0.39
1951,dec,1.32
1952,jan,0.93
1952,feb,-0.83
1952,mar,-1.49
1952,apr,1.01
1952,may,-1.12
1952,jun,-0.4
1952,jul,-0.09
1952,aug,-0.28
1952,sep,-0.54
1952,oct,-0.73
1952,nov,-1.13
1952,dec,-0.43
1953,jan,0.33
1953,feb,-0.49
1953,mar,-0.04
1953,apr,-1.67
1953,may,-0.66
1953,jun,1.09
1953,jul,0.4
1953,aug,-0.71
1953,sep,-0.35
1953,oct,1.32
1953,nov,1.04
1953,dec,-0.47
1954,jan,0.37
1954,feb,0.74
1954,mar,-0.83
1954,apr,1.34
1954,may,-0.09
1954,jun,-0.25
1954,jul,-0.6
1954,aug,-1.9
1954,sep,-0.44
1954,oct,0.6
1954,nov,0.4
1954,dec,0.69
1955,jan,-1.84
1955,feb,-1.12
1955,mar,-0.53
1955,apr,-0.42
1955,may,-0.34
1955,jun,-1.1
1955,jul,1.76
1955,aug,1.07
1955,sep,0.32
1955,oct,-1.47
1955,nov,-1.29
1955,dec,0.17
1956,jan,-0.22
1956,feb,-1.12
1956,mar,-0.05
1956,apr,-1.06
1956,may,2.21
1956,jun,0.1
1956,jul,-0.75
1956,aug,-1.37
1956,sep,0.24
1956,oct,0.88
1956,nov,0.51
1956,dec,0.1
1957,jan,1.05
1957,feb,0.11
1957,mar,-1.26
1957,apr,0.49
1957,may,-0.79
1957,jun,-0.72
1957,jul,-1.19
1957,aug,-0.55
1957,sep,-1.66
1957,oct,1.32
1957,nov,0.73
1957,dec,0.12
1958,jan,-0.54
1958,feb,-1.06
1958,mar,-1.96
1958,apr,0.37
1958,may,-0.24
1958,jun,-1.38
1958,jul,-1.73
1958,aug,-1.56
1958,sep,-0.07
1958,oct,0.16
1958,nov,1.64
1958,dec,-0.7
1959,jan,-0.87
1959,feb,0.68
1959,mar,-0.15
1959,apr,0.36
1959,may,0.39
1959,jun,0.4
1959,jul,0.74
1959,aug,0.06
1959,sep,0.88
1959,oct,0.89
1959,nov,0.41
1959,dec,0.44
1960,jan,-1.29
1960,feb,-1.89
1960,mar,-0.5
1960,apr,1.36
1960,may,0.45
1960,jun,-0.21
1960,jul,0.35
1960,aug,-1.4
1960,sep,0.39
1960,oct,-1.73
1960,nov,-0.51
1960,dec,0.06
1961,jan,0.41
1961,feb,0.45
1961,mar,0.55
1961,apr,-1.55
1961,may,-0.36
1961,jun,0.86
1961,jul,-0.39
1961,aug,0.9
1961,sep,1.24
1961,oct,0.51
1961,nov,-0.62
1961,dec,-1.48
1962,jan,0.61
1962,feb,0.55
1962,mar,-2.47
1962,apr,0.99
1962,may,-0.1
1962,jun,0.16
1962,jul,-2.47
1962,aug,0.14
1962,sep,-0.37
1962,oct,0.41
1962,nov,-0.23
1962,dec,-1.32
1963,jan,-2.12
1963,feb,-0.96
1963,mar,-0.43
1963,apr,-1.35
1963,may,2.16
1963,jun,-0.43
1963,jul,-0.77
1963,aug,-0.64
1963,sep,1.79
1963,oct,0.94
1963,nov,-1.27
1963,dec,-1.92
1964,jan,-0.95
1964,feb,-1.43
1964,mar,-1.2
1964,apr,0.36
1964,may,0.52
1964,jun,1.29
1964,jul,1.9
1964,aug,-1.77
1964,sep,0.2
1964,oct,0.74
1964,nov,-0.01
1964,dec,-0.15
1965,jan,-0.12
1965,feb,-1.55
1965,mar,-1.51
1965,apr,0.72
1965,may,-0.62
1965,jun,0.29
1965,jul,0.32
1965,aug,0.45
1965,sep,0.37
1965,oct,0.38
1965,nov,-1.66
1965,dec,1.37
1966,jan,-1.74
1966,feb,-1.39
1966,mar,0.56
1966,apr,-0.75
1966,may,0.22
1966,jun,1.05
1966,jul,0.32
1966,aug,-1.76
1966,sep,-0.45
1966,oct,-0.68
1966,nov,-0.04
1966,dec,0.72
1967,jan,-0.89
1967,feb,0.19
1967,mar,1.51
1967,apr,0.18
1967,may,-0.99
1967,jun,1.4
1967,jul,0.41
1967,aug,1.44
1967,sep,0.93
1967,oct,0.07
1967,nov,0.6
1967,dec,-0.45
1968,jan,0.13
1968,feb,-1.29
1968,mar,0.4
1968,apr,-1.08
1968,may,-1.76
1968,jun,0.33
1968,jul,-0.8
1968,aug,-0.66
1968,sep,-1.92
1968,oct,-2.3
1968,nov,-0.93
1968,dec,-1.4
1969,jan,-0.83
1969,feb,-1.55
1969,mar,-1.56
1969,apr,1.53
1969,may,0.55
1969,jun,0.55
1969,jul,0.57
1969,aug,-1.45
1969,sep,2.07
1969,oct,0.66
1969,nov,-0.96
1969,dec,-0.28
1970,jan,-1.5
1970,feb,0.64
1970,mar,-0.96
1970,apr,-1.3
1970,may,1.14
1970,jun,1.55
1970,jul,0.1
1970,aug,0.1
1970,sep,-0.09
1970,oct,-0.92
1970,nov,-0.6
1970,dec,-1.2
1971,jan,-1.13
1971,feb,0.24
1971,mar,-0.84
1971,apr,-0.24
1971,may,0.5
1971,jun,-1.57
1971,jul,0.24
1971,aug,1.55
1971,sep,0.39
1971,oct,0.58
1971,nov,-0.2
1971,dec,0.6
1972,jan,0.27
1972,feb,0.32
1972,mar,0.72
1972,apr,-0.22
1972,may,0.95
1972,jun,0.88
1972,jul,0.18
1972,aug,1.32
1972,sep,-0.12
1972,oct,1.09
1972,nov,0.54
1972,dec,0.19
1973,jan,0.04
1973,feb,0.85
1973,mar,0.3
1973,apr,-0.54
1973,may,-0.44
1973,jun,0.39
1973,jul,0.57
1973,aug,-0.06
1973,sep,-0.3
1973,oct,-1.24
1973,nov,-0.93
1973,dec,0.32
1974,jan,1.34
1974,feb,-0.14
1974,mar,-0.03
1974,apr,0.51
1974,may,-0.24
1974,jun,-0.14
1974,jul,-0.76
1974,aug,-0.64
1974,sep,0.82
1974,oct,0.49
1974,nov,-0.54
1974,dec,1.5
1975,jan,0.58
1975,feb,-0.62
1975,mar,-0.61
1975,apr,-1.6
1975,may,-0.52
1975,jun,-0.84
1975,jul,1.55
1975,aug,-0.26
1975,sep,1.56
1975,oct,-0.54
1975,nov,0.41
1975,dec,0
1976,jan,-0.25
1976,feb,0.93
1976,mar,0.75
1976,apr,0.26
1976,may,0.96
1976,jun,0.8
1976,jul,-0.32
1976,aug,1.92
1976,sep,-1.29
1976,oct,-0.08
1976,nov,0.17
1976,dec,-1.6
1977,jan,-1.04
1977,feb,-0.49
1977,mar,-0.81
1977,apr,0.65
1977,may,-0.86
1977,jun,-0.57
1977,jul,-0.45
1977,aug,-0.28
1977,sep,0.37
1977,oct,0.52
1977,nov,-0.07
1977,dec,-1
1978,jan,0.66
1978,feb,-2.2
1978,mar,0.7
1978,apr,-1.17
1978,may,1.08
1978,jun,1.38
1978,jul,-1.14
1978,aug,0.64
1978,sep,0.46
1978,oct,1.93
1978,nov,3.04
1978,dec,-1.57
1979,jan,-1.38
1979,feb,-0.67
1979,mar,0.78
1979,apr,-1.71
1979,may,-1.03
1979,jun,1.6
1979,jul,0.83
1979,aug,0.96
1979,sep,1.01
1979,oct,-0.3
1979,nov,0.53
1979,dec,1
1980,jan,-0.75
1980,feb,0.05
1980,mar,-0.31
1980,apr,1.29
1980,may,-1.5
1980,jun,-0.37
1980,jul,-0.42
1980,aug,-2.24
1980,sep,0.66
1980,oct,-1.77
1980,nov,-0.37
1980,dec,0.78
1981,jan,0.37
1981,feb,0.92
1981,mar,-1.19
1981,apr,0.36
1981,may,0.2
1981,jun,-0.45
1981,jul,0.05
1981,aug,0.39
1981,sep,-1.45
1981,oct,-1.35
1981,nov,-0.38
1981,dec,-0.02
1982,jan,-0.89
1982,feb,1.15
1982,mar,1.15
1982,apr,0.1
1982,may,-0.53
1982,jun,-1.63
1982,jul,1.15
1982,aug,0.26
1982,sep,1.76
1982,oct,-0.74
1982,nov,1.6
1982,dec,1.78
1983,jan,1.59
1983,feb,-0.53
1983,mar,0.95
1983,apr,-0.85
1983,may,-0.07
1983,jun,0.99
1983,jul,1.19
1983,aug,1.61
1983,sep,-1.12
1983,oct,0.65
1983,nov,-0.98
1983,dec,0.29
1984,jan,1.66
1984,feb,0.72
1984,mar,-0.37
1984,apr,-0.28
1984,may,0.54
1984,jun,-0.42
1984,jul,-0.07
1984,aug,1.15
1984,sep,0.17
1984,oct,-0.07
1984,nov,-0.06
1984,dec,0
1985,jan,-1.61
1985,feb,-0.49
1985,mar,0.2
1985,apr,0.32
1985,may,-0.49
1985,jun,-0.8
1985,jul,1.22
1985,aug,-0.48
1985,sep,-0.52
1985,oct,0.9
1985,nov,-0.67
1985,dec,0.22
1986,jan,1.11
1986,feb,-1
1986,mar,1.71
1986,apr,-0.59
1986,may,0.85
1986,jun,1.22
1986,jul,0.12
1986,aug,-1.09
1986,sep,-1.12
1986,oct,1.55
1986,nov,2.29
1986,dec,0.99
1987,jan,-1.15
1987,feb,-0.73
1987,mar,0.14
1987,apr,2
1987,may,0.98
1987,jun,-1.82
1987,jul,0.52
1987,aug,-0.83
1987,sep,-1.22
1987,oct,0.14
1987,nov,0.18
1987,dec,0.32
1988,jan,1.02
1988,feb,0.76
1988,mar,-0.17
1988,apr,-1.17
1988,may,0.63
1988,jun,0.88
1988,jul,-0.35
1988,aug,0.04
1988,sep,-0.99
1988,oct,-1.08
1988,nov,-0.34
1988,dec,0.61
1989,jan,1.17
1989,feb,2
1989,mar,1.85
1989,apr,0.28
1989,may,1.38
1989,jun,-0.27
1989,jul,0.97
1989,aug,0.01
1989,sep,2.05
1989,oct,-0.03
1989,nov,0.16
1989,dec,-1.15
1990,jan,1.04
1990,feb,1.41
1990,mar,1.46
1990,apr,2
1990,may,-1.53
1990,jun,-0.02
1990,jul,0.53
1990,aug,0.97
1990,sep,1.06
1990,oct,0.23
1990,nov,-0.24
1990,dec,0.22
1991,jan,0.86
1991,feb,1.04
1991,mar,-0.2
1991,apr,0.29
1991,may,0.08
1991,jun,-0.82
1991,jul,-0.49
1991,aug,1.23
1991,sep,0.48
1991,oct,-0.19
1991,nov,0.48
1991,dec,0.46
1992,jan,-0.13
1992,feb,1.07
1992,mar,0.87
1992,apr,1.86
1992,may,2.63
1992,jun,0.2
1992,jul,0.16
1992,aug,0.85
1992,sep,-0.44
1992,oct,-1.76
1992,nov,1.19
1992,dec,0.47
1993,jan,1.6
1993,feb,0.5
1993,mar,0.67
1993,apr,0.97
1993,may,-0.78
1993,jun,-0.59
1993,jul,-3.18
1993,aug,0.12
1993,sep,-0.57
1993,oct,-0.71
1993,nov,2.56
1993,dec,1.56
1994,jan,1.04
1994,feb,0.46
1994,mar,1.26
1994,apr,1.14
1994,may,-0.57
1994,jun,1.52
1994,jul,1.31
1994,aug,0.38
1994,sep,-1.32
1994,oct,-0.97
1994,nov,0.64
1994,dec,2.02
1995,jan,0.93
1995,feb,1.14
1995,mar,1.25
1995,apr,-0.85
1995,may,-1.49
1995,jun,0.13
1995,jul,-0.22
1995,aug,0.69
1995,sep,0.31
1995,oct,0.19
1995,nov,-1.38
1995,dec,-1.67
1996,jan,-0.12
1996,feb,-0.07
1996,mar,-0.24
1996,apr,-0.17
1996,may,-1.06
1996,jun,0.56
1996,jul,0.67
1996,aug,1.02
1996,sep,-0.86
1996,oct,-0.33
1996,nov,-0.56
1996,dec,-1.41
1997,jan,-0.49
1997,feb,1.7
1997,mar,1.46
1997,apr,-1.02
1997,may,-0.28
1997,jun,-1.47
1997,jul,0.34
1997,aug,0.83
1997,sep,0.61
1997,oct,-1.7
1997,nov,-0.9
1997,dec,-0.96
1998,jan,0.39
1998,feb,-0.11
1998,mar,0.87
1998,apr,-0.68
1998,may,-1.32
1998,jun,-2.72
1998,jul,-0.48
1998,aug,-0.02
1998,sep,-2
1998,oct,-0.29
1998,nov,-0.28
1998,dec,0.87
1999,jan,0.77
1999,feb,0.29
1999,mar,0.23
1999,apr,-0.95
1999,may,0.92
1999,jun,1.12
1999,jul,-0.9
1999,aug,0.39
1999,sep,0.36
1999,oct,0.2
1999,nov,0.65
1999,dec,1.61
2000,jan,0.6
2000,feb,1.7
2000,mar,0.77
2000,apr,-0.03
2000,may,1.58
2000,jun,-0.03
2000,jul,-1.03
2000,aug,-0.29
2000,sep,-0.21
2000,oct,0.92
2000,nov,-0.92
2000,dec,-0.58
2001,jan,0.25
2001,feb,0.45
2001,mar,-1.26
2001,apr,0
2001,may,-0.02
2001,jun,-0.2
2001,jul,-0.25
2001,aug,-0.07
2001,sep,-0.65
2001,oct,-0.24
2001,nov,0.63
2001,dec,-0.83
2002,jan,0.44
2002,feb,1.1
2002,mar,0.69
2002,apr,1.18
2002,may,-0.22
2002,jun,0.38
2002,jul,0.62
2002,aug,0.38
2002,sep,-0.7
2002,oct,-2.28
2002,nov,-0.18
2002,dec,-0.94
2003,jan,0.16
2003,feb,0.62
2003,mar,0.32
2003,apr,-0.18
2003,may,0.01
2003,jun,-0.07
2003,jul,0.13
2003,aug,-0.07
2003,sep,0.01
2003,oct,-1.26
2003,nov,0.86
2003,dec,0.64
2004,jan,-0.29
2004,feb,-0.14
2004,mar,1.02
2004,apr,1.15
2004,may,0.19
2004,jun,-0.89
2004,jul,1.13
2004,aug,-0.48
2004,sep,0.38
2004,oct,-1.1
2004,nov,0.73
2004,dec,1.21
2005,jan,1.52
2005,feb,-0.06
2005,mar,-1.83
2005,apr,-0.3
2005,may,-1.25
2005,jun,-0.05
2005,jul,-0.51
2005,aug,0.37
2005,sep,0.63
2005,oct,-0.98
2005,nov,-0.31
2005,dec,-0.44
2006,jan,1.27
2006,feb,-0.51
2006,mar,-1.28
2006,apr,1.24
2006,may,-1.14
2006,jun,0.84
2006,jul,0.9
2006,aug,-1.73
2006,sep,-1.62
2006,oct,-2.24
2006,nov,0.44
2006,dec,1.34
2007,jan,0.22
2007,feb,-0.47
2007,mar,1.44
2007,apr,0.17
2007,may,0.66
2007,jun,-1.31
2007,jul,-0.58
2007,aug,-0.14
2007,sep,0.72
2007,oct,0.45
2007,nov,0.58
2007,dec,0.34
2008,jan,0.89
2008,feb,0.73
2008,mar,0.08
2008,apr,-1.07
2008,may,-1.73
2008,jun,-1.39
2008,jul,-1.27
2008,aug,-1.16
2008,sep,1.02
2008,oct,-0.04
2008,nov,-0.32
2008,dec,-0.28
2009,jan,-0.01
2009,feb,0.06
2009,mar,0.57
2009,apr,-0.2
2009,may,1.68
2009,jun,-1.21
2009,jul,-2.15
2009,aug,-0.19
2009,sep,1.51
2009,oct,-1.03
2009,nov,-0.02
2009,dec,-1.93
2010,jan,-1.11
2010,feb,-1.98
2010,mar,-0.88
2010,apr,-0.72
2010,may,-1.49
2010,jun,-0.82
2010,jul,-0.42
2010,aug,-1.22
2010,sep,-0.79
2010,oct,-0.93
2010,nov,-1.62
2010,dec,-1.85
2011,jan,-0.88
2011,feb,0.7
2011,mar,0.61
2011,apr,2.48
2011,may,-0.06
2011,jun,-1.28
2011,jul,-1.51
2011,aug,-1.35
2011,sep,0.54
2011,oct,0.39
2011,nov,1.36
2011,dec,2.52
2012,jan,1.17
2012,feb,0.42
2012,mar,1.27
2012,apr,0.47
2012,may,-0.91
2012,jun,-2.53
2012,jul,-1.32
2012,aug,-0.98
2012,sep,-0.59
2012,oct,-2.06
2012,nov,-0.58
2012,dec,0.17
2013,jan,0.35
2013,feb,-0.45
2013,mar,-1.61
2013,apr,0.69
2013,may,0.57
2013,jun,0.52
2013,jul,0.67
2013,aug,0.97
2013,sep,0.24
2013,oct,-1.28
2013,nov,0.9
2013,dec,0.95
2014,jan,0.29
2014,feb,1.34
2014,mar,0.8
2014,apr,0.31
2014,may,-0.92
2014,jun,-0.97
2014,jul,0.18
2014,aug,-1.68
2014,sep,1.62
2014,oct,-1.27
2014,nov,0.68
2014,dec,1.86
2015,jan,1.79
2015,feb,1.32
2015,mar,1.45
2015,apr,0.73
2015,may,0.15
2015,jun,-0.07
2015,jul,-3.18
2015,aug,-0.76
2015,sep,-0.65
2015,oct,0.44
2015,nov,1.74
2015,dec,2.24
2016,jan,0.12
2016,feb,1.58
2016,mar,0.73
2016,apr,0.38
2016,may,-0.77
2016,jun,-0.43
2016,jul,-1.76
2016,aug,-1.65
2016,sep,0.61
2016,oct,0.41
2016,nov,-0.16
2016,dec,0.48
2017,jan,0.48
2017,feb,1
2017,mar,0.74
2017,apr,1.73
2017,may,-1.91
2017,jun,0.05
2017,jul,1.26
2017,aug,-1.1
2017,sep,-0.61
2017,oct,0.19
2017,nov,-0
2017,dec,0.88
2018,jan,1.44
2018,feb,1.58
2018,mar,-0.93
2018,apr,1.24
2018,may,2.12
2018,jun,1.09
2018,jul,1.39
2018,aug,1.97
2018,sep,1.67
2018,oct,0.93
2018,nov,-0.11
2018,dec,0.61
2019,jan,0.59
2019,feb,0.29
2019,mar,1.23
2019,apr,0.47
2019,may,-2.62
2019,jun,-1.09
2019,jul,-1.43
2019,aug,-1.17
2019,sep,-0.16
2019,oct,-1.41
2019,nov,0.28
2019,dec,1.2
2020,jan,1.34
2020,feb,1.26
2020,mar,1.01
2020,apr,-1.02
2020,may,-0.41
2020,jun,-0.15
2020,jul,-1.23
2020,aug,0.12
2020,sep,0.98
2020,oct,-0.65
2020,nov,2.54
2020,dec,-0.3
2021,jan,-1.11
2021,feb,0.14
2021,mar,0.73
2021,apr,-1.43
2021,may,-1.24
2021,jun,0.77
2021,jul,0.03
2021,aug,-0.28
2021,sep,-0.21
2021,oct,-2.29
2021,nov,-0.18
2021,dec,0.29
2022,jan,1.08
2022,feb,1.68
2022,mar,0.77
2022,apr,-0.36
2022,may,0.71
2022,jun,-0.12
2022,jul,-0.09
2022,aug,1.47
2022,sep,-1.61
2022,oct,-0.72
2022,nov,0.69
2022,dec,-0.15
2023,jan,1.25
2023,feb,0.92
2023,mar,-1.11
2023,apr,-0.63
2023,may,0.39
2023,jun,-0.58
2023,jul,-2.17
2023,aug,-1.16
2023,sep,-0.44
2023,oct,-2.03
2023,nov,-0.32
2023,dec,1.94
2024,jan,0.21
2024,feb,1.09
2024,mar,-0.21
2024,apr,-0.78
2024,may,-0.44
2024,jun,-0.09
2024,jul,1.46
2024,aug,0.63
2024,sep,-1.43
2024,oct,-0.38
2024,nov,-0.23
2024,dec,1.21
2025,jan,-0.52
2025,feb,1.6
2025,mar,0.3
2025,apr,0.18
2025,may,0.49
2025,jun,0.7
2025,jul,0.48
2025,aug,0.26
2025,sep,-0.8
2025,oct,-0.96
2025,nov,-0.78
2025,dec,-0.65
2026,jan,-0.36
2026,feb,0.68
2026,mar,2.69
2026,apr,NA
2026,may,NA
2026,jun,NA
2026,jul,NA
2026,aug,NA
2026,sep,NA
2026,oct,NA
2026,nov,NA
2026,dec,NA
